"Census Tract 3766, Adair County, Oklahoma",,,,,,
"Census Tract 3767, Adair County, Oklahoma",,,,,,
"Census Tract 3768, Adair County, Oklahoma",,,,,,
"Census Tract 3769, Adair County, Oklahoma",,,,,,
"Census Tract 3770, Adair County, Oklahoma",,,,,,
"Census Tract 9556, Alfalfa County, Oklahoma",,,,,,
"Census Tract 9557, Alfalfa County, Oklahoma",,,,,,
"Census Tract 9560, Alfalfa County, Oklahoma",,,,,,
"Census Tract 5876, Atoka County, Oklahoma",,,,,,
"Census Tract 5877, Atoka County, Oklahoma",,,,,,
"Census Tract 5878, Atoka County, Oklahoma",,,,,,
"Census Tract 5879, Atoka County, Oklahoma",,,,,,
"Census Tract 9516, Beaver County, Oklahoma",,,,,,
"Census Tract 9517, Beaver County, Oklahoma",,,,,,
"Census Tract 9518, Beaver County, Oklahoma",,,,,,
"Census Tract 9661, Beckham County, Oklahoma",,,,,,
"Census Tract 9662, Beckham County, Oklahoma",,,,,,
"Census Tract 9665, Beckham County, Oklahoma",,,,,,
"Census Tract 9668, Beckham County, Oklahoma",,,,,,
"Census Tract 9586, Blaine County, Oklahoma",,,,,,
"Census Tract 9587, Blaine County, Oklahoma",,,,,,
"Census Tract 9588, Blaine County, Oklahoma",,,,,,
"Census Tract 9589, Blaine County, Oklahoma",,,,,,
"Census Tract 9590, Blaine County, Oklahoma",,,,,,
"Census Tract 7956, Bryan County, Oklahoma",,,,,,
"Census Tract 7957, Bryan County, Oklahoma",,,,,,
"Census Tract 7959, Bryan County, Oklahoma",,,,,,
"Census Tract 7960.01, Bryan County, Oklahoma",,,,,,
"Census Tract 7960.02, Bryan County, Oklahoma",,,,,,
"Census Tract 7961, Bryan County, Oklahoma",,,,,,
"Census Tract 7962, Bryan County, Oklahoma",,,,,,
"Census Tract 7963, Bryan County, Oklahoma",,,,,,
"Census Tract 7964, Bryan County, Oklahoma",,,,,,
"Census Tract 7965, Bryan County, Oklahoma",,,,,,
"Census Tract 7966, Bryan County, Oklahoma",,,,,,
"Census Tract 1616, Caddo County, Oklahoma",,,,,,
"Census Tract 1617, Caddo County, Oklahoma",,,,,,
"Census Tract 1618, Caddo County, Oklahoma",,,,,,
"Census Tract 1619, Caddo County, Oklahoma",,,,,,
"Census Tract 1620, Caddo County, Oklahoma",,,,,,
"Census Tract 1621, Caddo County, Oklahoma",,,,,,
"Census Tract 1622, Caddo County, Oklahoma",,,,,,
"Census Tract 1623, Caddo County, Oklahoma",,,,,,
"Census Tract 3001, Canadian County, Oklahoma",,,,,,
"Census Tract 3002.01, Canadian County, Oklahoma",,,,,,
"Census Tract 3002.02, Canadian County, Oklahoma",,,,,,
"Census Tract 3003, Canadian County, Oklahoma",,,,,,
"Census Tract 3004, Canadian County, Oklahoma",,,,,,
"Census Tract 3005, Canadian County, Oklahoma",,,,,,
"Census Tract 3006, Canadian County, Oklahoma",,,,,,
"Census Tract 3007, Canadian County, Oklahoma",,,,,,
"Census Tract 3008.01, Canadian County, Oklahoma",,,,,,
"Census Tract 3008.02, Canadian County, Oklahoma",,,,,,
"Census Tract 3009.01, Canadian County, Oklahoma",,,,,,
"Census Tract 3009.02, Canadian County, Oklahoma",,,,,,
"Census Tract 3009.04, Canadian County, Oklahoma",,,,,,
"Census Tract 3009.05, Canadian County, Oklahoma",,,,,,
"Census Tract 3010.01, Canadian County, Oklahoma",,,,,,
"Census Tract 3010.03, Canadian County, Oklahoma",,,,,,
"Census Tract 3010.06, Canadian County, Oklahoma",,,,,,
"Census Tract 3010.07, Canadian County, Oklahoma",,,,,,
"Census Tract 3010.08, Canadian County, Oklahoma",,,,,,
"Census Tract 3010.09, Canadian County, Oklahoma",,,,,,
"Census Tract 3011, Canadian County, Oklahoma",,,,,,
"Census Tract 3012.01, Canadian County, Oklahoma",,,,,,
"Census Tract 3012.02, Canadian County, Oklahoma",,,,,,
"Census Tract 3013, Canadian County, Oklahoma",,,,,,
"Census Tract 3014.06, Canadian County, Oklahoma",,,,,,
"Census Tract 3014.07, Canadian County, Oklahoma",,,,,,
"Census Tract 3014.08, Canadian County, Oklahoma",,,,,,
"Census Tract 3014.09, Canadian County, Oklahoma",,,,,,
"Census Tract 3014.10, Canadian County, Oklahoma",,,,,,
"Census Tract 8921, Carter County, Oklahoma",,,,,,
"Census Tract 8922, Carter County, Oklahoma",,,,,,
"Census Tract 8923, Carter County, Oklahoma",,,,,,
"Census Tract 8924, Carter County, Oklahoma",,,,,,
"Census Tract 8925, Carter County, Oklahoma",,,,,,
"Census Tract 8926, Carter County, Oklahoma",,,,,,
"Census Tract 8927, Carter County, Oklahoma",,,,,,
"Census Tract 8928, Carter County, Oklahoma",,,,,,
"Census Tract 8929, Carter County, Oklahoma",,,,,,
"Census Tract 8930, Carter County, Oklahoma",,,,,,
"Census Tract 8931, Carter County, Oklahoma",,,,,,
"Census Tract 9776, Cherokee County, Oklahoma",,,,,,
"Census Tract 9777, Cherokee County, Oklahoma",,,,,,
"Census Tract 9778, Cherokee County, Oklahoma",,,,,,
"Census Tract 9779, Cherokee County, Oklahoma",,,,,,
"Census Tract 9780, Cherokee County, Oklahoma",,,,,,
"Census Tract 9781, Cherokee County, Oklahoma",,,,,,
"Census Tract 9782.01, Cherokee County, Oklahoma",,,,,,
"Census Tract 9782.02, Cherokee County, Oklahoma",,,,,,
"Census Tract 9783, Cherokee County, Oklahoma",,,,,,
"Census Tract 9669, Choctaw County, Oklahoma",,,,,,
"Census Tract 9670, Choctaw County, Oklahoma",,,,,,
"Census Tract 9671, Choctaw County, Oklahoma",,,,,,
"Census Tract 9672, Choctaw County, Oklahoma",,,,,,
"Census Tract 9673, Choctaw County, Oklahoma",,,,,,
"Census Tract 9501, Cimarron County, Oklahoma",,,,,,
"Census Tract 9503, Cimarron County, Oklahoma",,,,,,
"Census Tract 2001, Cleveland County, Oklahoma",,,,,,
"Census Tract 2002, Cleveland County, Oklahoma",,,,,,
"Census Tract 2003, Cleveland County, Oklahoma",,,,,,
"Census Tract 2004, Cleveland County, Oklahoma",,,,,,
"Census Tract 2005, Cleveland County, Oklahoma",,,,,,
"Census Tract 2006.01, Cleveland County, Oklahoma",,,,,,
"Census Tract 2006.02, Cleveland County, Oklahoma",,,,,,
"Census Tract 2007, Cleveland County, Oklahoma",,,,,,
"Census Tract 2008, Cleveland County, Oklahoma",,,,,,
"Census Tract 2009, Cleveland County, Oklahoma",,,,,,
"Census Tract 2010, Cleveland County, Oklahoma",,,,,,
"Census Tract 2011.01, Cleveland County, Oklahoma",,,,,,
"Census Tract 2011.02, Cleveland County, Oklahoma",,,,,,
"Census Tract 2012.01, Cleveland County, Oklahoma",,,,,,
"Census Tract 2012.02, Cleveland County, Oklahoma",,,,,,
"Census Tract 2012.03, Cleveland County, Oklahoma",,,,,,
"Census Tract 2013.01, Cleveland County, Oklahoma",,,,,,
"Census Tract 2014.03, Cleveland County, Oklahoma",,,,,,
"Census Tract 2014.04, Cleveland County, Oklahoma",,,,,,
"Census Tract 2014.05, Cleveland County, Oklahoma",,,,,,
"Census Tract 2015.05, Cleveland County, Oklahoma",,,,,,
"Census Tract 2015.07, Cleveland County, Oklahoma",,,,,,
"Census Tract 2015.08, Cleveland County, Oklahoma",,,,,,
"Census Tract 2015.09, Cleveland County, Oklahoma",,,,,,
"Census Tract 2015.10, Cleveland County, Oklahoma",,,,,,
"Census Tract 2016.02, Cleveland County, Oklahoma",,,,,,
"Census Tract 2016.03, Cleveland County, Oklahoma",,,,,,
"Census Tract 2016.04, Cleveland County, Oklahoma",,,,,,
"Census Tract 2016.07, Cleveland County, Oklahoma",,,,,,
"Census Tract 2016.09, Cleveland County, Oklahoma",,,,,,
"Census Tract 2016.10, Cleveland County, Oklahoma",,,,,,
"Census Tract 2016.11, Cleveland County, Oklahoma",,,,,,
"Census Tract 2016.12, Cleveland County, Oklahoma",,,,,,
"Census Tract 2017, Cleveland County, Oklahoma",,,,,,
"Census Tract 2018.01, Cleveland County, Oklahoma",,,,,,
"Census Tract 2018.02, Cleveland County, Oklahoma",,,,,,
"Census Tract 2019.02, Cleveland County, Oklahoma",,,,,,
"Census Tract 2019.03, Cleveland County, Oklahoma",,,,,,
"Census Tract 2019.04, Cleveland County, Oklahoma",,,,,,
"Census Tract 2020.02, Cleveland County, Oklahoma",,,,,,
"Census Tract 2020.04, Cleveland County, Oklahoma",,,,,,
"Census Tract 2020.05, Cleveland County, Oklahoma",,,,,,
"Census Tract 2020.06, Cleveland County, Oklahoma",,,,,,
"Census Tract 2020.07, Cleveland County, Oklahoma",,,,,,
"Census Tract 2020.08, Cleveland County, Oklahoma",,,,,,
"Census Tract 2021.02, Cleveland County, Oklahoma",,,,,,
"Census Tract 2021.04, Cleveland County, Oklahoma",,,,,,
"Census Tract 2021.05, Cleveland County, Oklahoma",,,,,,
"Census Tract 2021.06, Cleveland County, Oklahoma",,,,,,
"Census Tract 2021.07, Cleveland County, Oklahoma",,,,,,
"Census Tract 2022.01, Cleveland County, Oklahoma",,,,,,
"Census Tract 2022.03, Cleveland County, Oklahoma",,,,,,
"Census Tract 2022.05, Cleveland County, Oklahoma",,,,,,
"Census Tract 2022.06, Cleveland County, Oklahoma",,,,,,
"Census Tract 2023.01, Cleveland County, Oklahoma",,,,,,
"Census Tract 2023.02, Cleveland County, Oklahoma",,,,,,
"Census Tract 2024.02, Cleveland County, Oklahoma",,,,,,
"Census Tract 2024.03, Cleveland County, Oklahoma",,,,,,
"Census Tract 2024.04, Cleveland County, Oklahoma",,,,,,
"Census Tract 2024.05, Cleveland County, Oklahoma",,,,,,
"Census Tract 2025, Cleveland County, Oklahoma",,,,,,
"Census Tract 2026, Cleveland County, Oklahoma",,,,,,
"Census Tract 3881, Coal County, Oklahoma",,,,,,
"Census Tract 3882, Coal County, Oklahoma",,,,,,
"Census Tract 1, Comanche County, Oklahoma",,,,,,
"Census Tract 2, Comanche County, Oklahoma",,,,,,
"Census Tract 3, Comanche County, Oklahoma",,,,,,
"Census Tract 4.01, Comanche County, Oklahoma",,,,,,
"Census Tract 4.02, Comanche County, Oklahoma",,,,,,
"Census Tract 4.03, Comanche County, Oklahoma",,,,,,
"Census Tract 5.01, Comanche County, Oklahoma",,,,,,
"Census Tract 5.02, Comanche County, Oklahoma",,,,,,
"Census Tract 6, Comanche County, Oklahoma",,,,,,
"Census Tract 7, Comanche County, Oklahoma",,,,,,
"Census Tract 8, Comanche County, Oklahoma",,,,,,
"Census Tract 9, Comanche County, Oklahoma",,,,,,
"Census Tract 10, Comanche County, Oklahoma",,,,,,
"Census Tract 11, Comanche County, Oklahoma",,,,,,
"Census Tract 14, Comanche County, Oklahoma",,,,,,
"Census Tract 15, Comanche County, Oklahoma",,,,,,
"Census Tract 16, Comanche County, Oklahoma",,,,,,
"Census Tract 17, Comanche County, Oklahoma",,,,,,
"Census Tract 19.01, Comanche County, Oklahoma",,,,,,
"Census Tract 19.02, Comanche County, Oklahoma",,,,,,
"Census Tract 20.01, Comanche County, Oklahoma",,,,,,
"Census Tract 20.03, Comanche County, Oklahoma",,,,,,
"Census Tract 20.04, Comanche County, Oklahoma",,,,,,
"Census Tract 20.05, Comanche County, Oklahoma",,,,,,
"Census Tract 21, Comanche County, Oklahoma",,,,,,
"Census Tract 22, Comanche County, Oklahoma",,,,,,
"Census Tract 23.01, Comanche County, Oklahoma",,,,,,
"Census Tract 23.02, Comanche County, Oklahoma",,,,,,
"Census Tract 24.01, Comanche County, Oklahoma",,,,,,
"Census Tract 24.03, Comanche County, Oklahoma",,,,,,
"Census Tract 24.04, Comanche County, Oklahoma",,,,,,
"Census Tract 25, Comanche County, Oklahoma",,,,,,
"Census Tract 8711, Cotton County, Oklahoma",,,,,,
"Census Tract 8712, Cotton County, Oklahoma",,,,,,
"Census Tract 3731, Craig County, Oklahoma",,,,,,
"Census Tract 3732, Craig County, Oklahoma",,,,,,
"Census Tract 3733, Craig County, Oklahoma",,,,,,
"Census Tract 3734, Craig County, Oklahoma",,,,,,
"Census Tract 3735, Craig County, Oklahoma",,,,,,
"Census Tract 201.01, Creek County, Oklahoma",,,,,,
"Census Tract 201.02, Creek County, Oklahoma",,,,,,
"Census Tract 201.03, Creek County, Oklahoma",,,,,,
"Census Tract 206.01, Creek County, Oklahoma",,,,,,
"Census Tract 206.02, Creek County, Oklahoma",,,,,,
"Census Tract 207.02, Creek County, Oklahoma",,,,,,
"Census Tract 207.04, Creek County, Oklahoma",,,,,,
"Census Tract 207.05, Creek County, Oklahoma",,,,,,
"Census Tract 207.06, Creek County, Oklahoma",,,,,,
"Census Tract 207.07, Creek County, Oklahoma",,,,,,
"Census Tract 208, Creek County, Oklahoma",,,,,,
"Census Tract 209, Creek County, Oklahoma",,,,,,
"Census Tract 210, Creek County, Oklahoma",,,,,,
"Census Tract 211.01, Creek County, Oklahoma",,,,,,
"Census Tract 211.02, Creek County, Oklahoma",,,,,,
"Census Tract 212.01, Creek County, Oklahoma",,,,,,
"Census Tract 212.02, Creek County, Oklahoma",,,,,,
"Census Tract 213, Creek County, Oklahoma",,,,,,
"Census Tract 214, Creek County, Oklahoma",,,,,,
"Census Tract 215, Creek County, Oklahoma",,,,,,
"Census Tract 216, Creek County, Oklahoma",,,,,,
"Census Tract 9508, Custer County, Oklahoma",,,,,,
"Census Tract 9604, Custer County, Oklahoma",,,,,,
"Census Tract 9606, Custer County, Oklahoma",,,,,,
"Census Tract 9607, Custer County, Oklahoma",,,,,,
"Census Tract 9610, Custer County, Oklahoma",,,,,,
"Census Tract 3756.01, Delaware County, Oklahoma",,,,,,
"Census Tract 3756.02, Delaware County, Oklahoma",,,,,,
"Census Tract 3757, Delaware County, Oklahoma",,,,,,
"Census Tract 3758.01, Delaware County, Oklahoma",,,,,,
"Census Tract 3758.02, Delaware County, Oklahoma",,,,,,
"Census Tract 3759, Delaware County, Oklahoma",,,,,,
"Census Tract 3760, Delaware County, Oklahoma",,,,,,
"Census Tract 3761, Delaware County, Oklahoma",,,,,,
"Census Tract 9762, Delaware County, Oklahoma",,,,,,
"Census Tract 9591, Dewey County, Oklahoma",,,,,,
"Census Tract 9592, Dewey County, Oklahoma",,,,,,
"Census Tract 9593, Dewey County, Oklahoma",,,,,,
"Census Tract 9526, Ellis County, Oklahoma",,,,,,
"Census Tract 9528, Ellis County, Oklahoma",,,,,,
"Census Tract 1, Garfield County, Oklahoma",,,,,,
"Census Tract 2, Garfield County, Oklahoma",,,,,,
"Census Tract 6, Garfield County, Oklahoma",,,,,,
"Census Tract 7, Garfield County, Oklahoma",,,,,,
"Census Tract 11, Garfield County, Oklahoma",,,,,,
"Census Tract 12, Garfield County, Oklahoma",,,,,,
"Census Tract 13, Garfield County, Oklahoma",,,,,,
"Census Tract 14.01, Garfield County, Oklahoma",,,,,,
"Census Tract 14.02, Garfield County, Oklahoma",,,,,,
"Census Tract 15, Garfield County, Oklahoma",,,,,,
"Census Tract 16.01, Garfield County, Oklahoma",,,,,,
"Census Tract 16.02, Garfield County, Oklahoma",,,,,,
"Census Tract 6811, Garvin County, Oklahoma",,,,,,
"Census Tract 6812, Garvin County, Oklahoma",,,,,,
"Census Tract 6813, Garvin County, Oklahoma",,,,,,
"Census Tract 6814, Garvin County, Oklahoma",,,,,,
"Census Tract 6815, Garvin County, Oklahoma",,,,,,
"Census Tract 6816, Garvin County, Oklahoma",,,,,,
"Census Tract 6817, Garvin County, Oklahoma",,,,,,
"Census Tract 6818, Garvin County, Oklahoma",,,,,,
"Census Tract 6819, Garvin County, Oklahoma",,,,,,
"Census Tract 1, Grady County, Oklahoma",,,,,,
"Census Tract 4, Grady County, Oklahoma",,,,,,
"Census Tract 5, Grady County, Oklahoma",,,,,,
"Census Tract 6, Grady County, Oklahoma",,,,,,
"Census Tract 7, Grady County, Oklahoma",,,,,,
"Census Tract 8, Grady County, Oklahoma",,,,,,
"Census Tract 9.01, Grady County, Oklahoma",,,,,,
"Census Tract 9.02, Grady County, Oklahoma",,,,,,
"Census Tract 9.03, Grady County, Oklahoma",,,,,,
"Census Tract 10, Grady County, Oklahoma",,,,,,
"Census Tract 9564, Grant County, Oklahoma",,,,,,
"Census Tract 9565, Grant County, Oklahoma",,,,,,
"Census Tract 9671, Greer County, Oklahoma",,,,,,
"Census Tract 9672, Greer County, Oklahoma",,,,,,
"Census Tract 9678, Harmon County, Oklahoma",,,,,,
"Census Tract 9521, Harper County, Oklahoma",,,,,,
"Census Tract 9522, Harper County, Oklahoma",,,,,,
"Census Tract 2791, Haskell County, Oklahoma",,,,,,
"Census Tract 2792, Haskell County, Oklahoma",,,,,,
"Census Tract 2793, Haskell County, Oklahoma",,,,,,
"Census Tract 2794, Haskell County, Oklahoma",,,,,,
"Census Tract 4846, Hughes County, Oklahoma",,,,,,
"Census Tract 4847, Hughes County, Oklahoma",,,,,,
"Census Tract 4848, Hughes County, Oklahoma",,,,,,
"Census Tract 4849, Hughes County, Oklahoma",,,,,,
"Census Tract 4850, Hughes County, Oklahoma",,,,,,
"Census Tract 9681, Jackson County, Oklahoma",,,,,,
"Census Tract 9682, Jackson County, Oklahoma",,,,,,
"Census Tract 9683, Jackson County, Oklahoma",,,,,,
"Census Tract 9684, Jackson County, Oklahoma",,,,,,
"Census Tract 9685, Jackson County, Oklahoma",,,,,,
"Census Tract 9686, Jackson County, Oklahoma",,,,,,
"Census Tract 9687, Jackson County, Oklahoma",,,,,,
"Census Tract 9688, Jackson County, Oklahoma",,,,,,
"Census Tract 3716, Jefferson County, Oklahoma",,,,,,
"Census Tract 3717, Jefferson County, Oklahoma",,,,,,
"Census Tract 3718, Jefferson County, Oklahoma",,,,,,
"Census Tract 6601.98, Johnston County, Oklahoma",,,,,,
"Census Tract 6602, Johnston County, Oklahoma",,,,,,
"Census Tract 6603, Johnston County, Oklahoma",,,,,,
"Census Tract 1, Kay County, Oklahoma",,,,,,
"Census Tract 2.01, Kay County, Oklahoma",,,,,,
"Census Tract 2.02, Kay County, Oklahoma",,,,,,
"Census Tract 3, Kay County, Oklahoma",,,,,,
"Census Tract 4, Kay County, Oklahoma",,,,,,
"Census Tract 5, Kay County, Oklahoma",,,,,,
"Census Tract 6, Kay County, Oklahoma",,,,,,
"Census Tract 11, Kay County, Oklahoma",,,,,,
"Census Tract 12, Kay County, Oklahoma",,,,,,
"Census Tract 13.01, Kay County, Oklahoma",,,,,,
"Census Tract 13.02, Kay County, Oklahoma",,,,,,
"Census Tract 9581, Kingfisher County, Oklahoma",,,,,,
"Census Tract 9582, Kingfisher County, Oklahoma",,,,,,
"Census Tract 9583, Kingfisher County, Oklahoma",,,,,,
"Census Tract 9584, Kingfisher County, Oklahoma",,,,,,
"Census Tract 9636, Kiowa County, Oklahoma",,,,,,
"Census Tract 9637, Kiowa County, Oklahoma",,,,,,
"Census Tract 9642, Kiowa County, Oklahoma",,,,,,
"Census Tract 871, Latimer County, Oklahoma",,,,,,
"Census Tract 872, Latimer County, Oklahoma",,,,,,
"Census Tract 873, Latimer County, Oklahoma",,,,,,
"Census Tract 401.02, Le Flore County, Oklahoma",,,,,,
"Census Tract 401.98, Le Flore County, Oklahoma",,,,,,
"Census Tract 402.99, Le Flore County, Oklahoma",,,,,,
"Census Tract 403.01, Le Flore County, Oklahoma",,,,,,
"Census Tract 403.02, Le Flore County, Oklahoma",,,,,,
"Census Tract 403.03, Le Flore County, Oklahoma",,,,,,
"Census Tract 404.01, Le Flore County, Oklahoma",,,,,,
"Census Tract 404.02, Le Flore County, Oklahoma",,,,,,
"Census Tract 405, Le Flore County, Oklahoma",,,,,,
"Census Tract 406.01, Le Flore County, Oklahoma",,,,,,
"Census Tract 406.02, Le Flore County, Oklahoma",,,,,,
"Census Tract 407, Le Flore County, Oklahoma",,,,,,
"Census Tract 9611, Lincoln County, Oklahoma",,,,,,
"Census Tract 9612, Lincoln County, Oklahoma",,,,,,
"Census Tract 9613, Lincoln County, Oklahoma",,,,,,
"Census Tract 9614, Lincoln County, Oklahoma",,,,,,
"Census Tract 9615, Lincoln County, Oklahoma",,,,,,
"Census Tract 9616, Lincoln County, Oklahoma",,,,,,
"Census Tract 9617, Lincoln County, Oklahoma",,,,,,
"Census Tract 6001, Logan County, Oklahoma",,,,,,
"Census Tract 6002, Logan County, Oklahoma",,,,,,
"Census Tract 6003, Logan County, Oklahoma",,,,,,
"Census Tract 6004, Logan County, Oklahoma",,,,,,
"Census Tract 6005, Logan County, Oklahoma",,,,,,
"Census Tract 6006, Logan County, Oklahoma",,,,,,
"Census Tract 6007, Logan County, Oklahoma",,,,,,
"Census Tract 6008, Logan County, Oklahoma",,,,,,
"Census Tract 941, Love County, Oklahoma",,,,,,
"Census Tract 942, Love County, Oklahoma",,,,,,
"Census Tract 943, Love County, Oklahoma",,,,,,
"Census Tract 4001.01, McClain County, Oklahoma",,,,,,
"Census Tract 4001.02, McClain County, Oklahoma",,,,,,
"Census Tract 4002.01, McClain County, Oklahoma",,,,,,
"Census Tract 4002.02, McClain County, Oklahoma",,,,,,
"Census Tract 4003, McClain County, Oklahoma",,,,,,
"Census Tract 4004, McClain County, Oklahoma",,,,,,
"Census Tract 982, McCurtain County, Oklahoma",,,,,,
"Census Tract 983, McCurtain County, Oklahoma",,,,,,
"Census Tract 984, McCurtain County, Oklahoma",,,,,,
"Census Tract 985, McCurtain County, Oklahoma",,,,,,
"Census Tract 986, McCurtain County, Oklahoma",,,,,,
"Census Tract 987, McCurtain County, Oklahoma",,,,,,
"Census Tract 988, McCurtain County, Oklahoma",,,,,,
"Census Tract 989, McCurtain County, Oklahoma",,,,,,
"Census Tract 7796, McIntosh County, Oklahoma",,,,,,
"Census Tract 7797, McIntosh County, Oklahoma",,,,,,
"Census Tract 7799, McIntosh County, Oklahoma",,,,,,
"Census Tract 7801, McIntosh County, Oklahoma",,,,,,
"Census Tract 7802, McIntosh County, Oklahoma",,,,,,
"Census Tract 7803, McIntosh County, Oklahoma",,,,,,
"Census Tract 9551, Major County, Oklahoma",,,,,,
"Census Tract 9552, Major County, Oklahoma",,,,,,
"Census Tract 9553, Major County, Oklahoma",,,,,,
"Census Tract 946.98, Marshall County, Oklahoma",,,,,,
"Census Tract 947, Marshall County, Oklahoma",,,,,,
"Census Tract 948.01, Marshall County, Oklahoma",,,,,,
"Census Tract 948.02, Marshall County, Oklahoma",,,,,,
"Census Tract 401, Mayes County, Oklahoma",,,,,,
"Census Tract 402, Mayes County, Oklahoma",,,,,,
"Census Tract 403, Mayes County, Oklahoma",,,,,,
"Census Tract 404, Mayes County, Oklahoma",,,,,,
"Census Tract 405.01, Mayes County, Oklahoma",,,,,,
"Census Tract 405.02, Mayes County, Oklahoma",,,,,,
"Census Tract 406, Mayes County, Oklahoma",,,,,,
"Census Tract 407, Mayes County, Oklahoma",,,,,,
"Census Tract 408, Mayes County, Oklahoma",,,,,,
"Census Tract 7906, Murray County, Oklahoma",,,,,,
"Census Tract 7907, Murray County, Oklahoma",,,,,,
"Census Tract 7908, Murray County, Oklahoma",,,,,,
"Census Tract 1, Muskogee County, Oklahoma",,,,,,
"Census Tract 2, Muskogee County, Oklahoma",,,,,,
"Census Tract 3, Muskogee County, Oklahoma",,,,,,
"Census Tract 4, Muskogee County, Oklahoma",,,,,,
"Census Tract 6, Muskogee County, Oklahoma",,,,,,
"Census Tract 7, Muskogee County, Oklahoma",,,,,,
"Census Tract 8.01, Muskogee County, Oklahoma",,,,,,
"Census Tract 8.02, Muskogee County, Oklahoma",,,,,,
"Census Tract 9, Muskogee County, Oklahoma",,,,,,
"Census Tract 10, Muskogee County, Oklahoma",,,,,,
"Census Tract 11, Muskogee County, Oklahoma",,,,,,
"Census Tract 12, Muskogee County, Oklahoma",,,,,,
"Census Tract 13, Muskogee County, Oklahoma",,,,,,
"Census Tract 14, Muskogee County, Oklahoma",,,,,,
"Census Tract 15, Muskogee County, Oklahoma",,,,,,
"Census Tract 16, Muskogee County, Oklahoma",,,,,,
"Census Tract 9566, Noble County, Oklahoma",,,,,,
"Census Tract 9569, Noble County, Oklahoma",,,,,,
"Census Tract 9570, Noble County, Oklahoma",,,,,,
"Census Tract 9571, Noble County, Oklahoma",,,,,,
"Census Tract 1721, Nowata County, Oklahoma",,,,,,
"Census Tract 1722, Nowata County, Oklahoma",,,,,,
"Census Tract 1723, Nowata County, Oklahoma",,,,,,
"Census Tract 1724, Nowata County, Oklahoma",,,,,,
"Census Tract 806, Okfuskee County, Oklahoma",,,,,,
"Census Tract 807, Okfuskee County, Oklahoma",,,,,,
"Census Tract 809, Okfuskee County, Oklahoma",,,,,,
"Census Tract 810, Okfuskee County, Oklahoma",,,,,,
"Census Tract 1001, Oklahoma County, Oklahoma",,,,,,
"Census Tract 1002, Oklahoma County, Oklahoma",,,,,,
"Census Tract 1003, Oklahoma County, Oklahoma",,,,,,
"Census Tract 1004, Oklahoma County, Oklahoma",,,,,,
"Census Tract 1005, Oklahoma County, Oklahoma",,,,,,
"Census Tract 1006, Oklahoma County, Oklahoma",,,,,,
"Census Tract 1007, Oklahoma County, Oklahoma",,,,,,
"Census Tract 1008, Oklahoma County, Oklahoma",,,,,,
"Census Tract 1009, Oklahoma County, Oklahoma",,,,,,
"Census Tract 1010, Oklahoma County, Oklahoma",,,,,,
"Census Tract 1011, Oklahoma County, Oklahoma",,,,,,
"Census Tract 1012, Oklahoma County, Oklahoma",,,,,,
"Census Tract 1013, Oklahoma County, Oklahoma",,,,,,
"Census Tract 1014, Oklahoma County, Oklahoma",,,,,,
"Census Tract 1015, Oklahoma County, Oklahoma",,,,,,
"Census Tract 1016, Oklahoma County, Oklahoma",,,,,,
"Census Tract 1017, Oklahoma County, Oklahoma",,,,,,
"Census Tract 1018, Oklahoma County, Oklahoma",,,,,,
"Census Tract 1019, Oklahoma County, Oklahoma",,,,,,
"Census Tract 1020, Oklahoma County, Oklahoma",,,,,,
"Census Tract 1021, Oklahoma County, Oklahoma",,,,,,
"Census Tract 1022, Oklahoma County, Oklahoma",,,,,,
"Census Tract 1023, Oklahoma County, Oklahoma",,,,,,
"Census Tract 1024, Oklahoma County, Oklahoma",,,,,,
"Census Tract 1025, Oklahoma County, Oklahoma",,,,,,
"Census Tract 1026, Oklahoma County, Oklahoma",,,,,,
"Census Tract 1027, Oklahoma County, Oklahoma",,,,,,
"Census Tract 1028, Oklahoma County, Oklahoma",,,,,,
"Census Tract 1029, Oklahoma County, Oklahoma",,,,,,
"Census Tract 1030, Oklahoma County, Oklahoma",,,,,,
"Census Tract 1032, Oklahoma County, Oklahoma",,,,,,
"Census Tract 1033, Oklahoma County, Oklahoma",,,,,,
"Census Tract 1034, Oklahoma County, Oklahoma",,,,,,
"Census Tract 1035, Oklahoma County, Oklahoma",,,,,,
"Census Tract 1036.01, Oklahoma County, Oklahoma",,,,,,
"Census Tract 1036.02, Oklahoma County, Oklahoma",,,,,,
"Census Tract 1037, Oklahoma County, Oklahoma",,,,,,
"Census Tract 1038, Oklahoma County, Oklahoma",,,,,,
"Census Tract 1039, Oklahoma County, Oklahoma",,,,,,
"Census Tract 1040, Oklahoma County, Oklahoma",,,,,,
"Census Tract 1041, Oklahoma County, Oklahoma",,,,,,
"Census Tract 1042, Oklahoma County, Oklahoma",,,,,,
"Census Tract 1043, Oklahoma County, Oklahoma",,,,,,
"Census Tract 1044, Oklahoma County, Oklahoma",,,,,,
"Census Tract 1045, Oklahoma County, Oklahoma",,,,,,
"Census Tract 1046, Oklahoma County, Oklahoma",,,,,,
"Census Tract 1047, Oklahoma County, Oklahoma",,,,,,
"Census Tract 1048, Oklahoma County, Oklahoma",,,,,,
"Census Tract 1049, Oklahoma County, Oklahoma",,,,,,
"Census Tract 1050, Oklahoma County, Oklahoma",,,,,,
"Census Tract 1051, Oklahoma County, Oklahoma",,,,,,
"Census Tract 1052.01, Oklahoma County, Oklahoma",,,,,,
"Census Tract 1052.02, Oklahoma County, Oklahoma",,,,,,
"Census Tract 1053, Oklahoma County, Oklahoma",,,,,,
"Census Tract 1054, Oklahoma County, Oklahoma",,,,,,
"Census Tract 1055, Oklahoma County, Oklahoma",,,,,,
"Census Tract 1056, Oklahoma County, Oklahoma",,,,,,
"Census Tract 1057, Oklahoma County, Oklahoma",,,,,,
"Census Tract 1058, Oklahoma County, Oklahoma",,,,,,
"Census Tract 1059.03, Oklahoma County, Oklahoma",,,,,,
"Census Tract 1059.04, Oklahoma County, Oklahoma",,,,,,
"Census Tract 1059.05, Oklahoma County, Oklahoma",,,,,,
"Census Tract 1059.06, Oklahoma County, Oklahoma",,,,,,
"Census Tract 1059.07, Oklahoma County, Oklahoma",,,,,,
"Census Tract 1060, Oklahoma County, Oklahoma",,,,,,
"Census Tract 1061, Oklahoma County, Oklahoma",,,,,,
"Census Tract 1062, Oklahoma County, Oklahoma",,,,,,
"Census Tract 1063.01, Oklahoma County, Oklahoma",,,,,,
"Census Tract 1063.02, Oklahoma County, Oklahoma",,,,,,
"Census Tract 1063.03, Oklahoma County, Oklahoma",,,,,,
"Census Tract 1064.01, Oklahoma County, Oklahoma",,,,,,
"Census Tract 1064.02, Oklahoma County, Oklahoma",,,,,,
"Census Tract 1064.03, Oklahoma County, Oklahoma",,,,,,
"Census Tract 1065.01, Oklahoma County, Oklahoma",,,,,,
"Census Tract 1065.02, Oklahoma County, Oklahoma",,,,,,
"Census Tract 1065.03, Oklahoma County, Oklahoma",,,,,,
"Census Tract 1066.01, Oklahoma County, Oklahoma",,,,,,
"Census Tract 1066.02, Oklahoma County, Oklahoma",,,,,,
"Census Tract 1066.04, Oklahoma County, Oklahoma",,,,,,
"Census Tract 1066.06, Oklahoma County, Oklahoma",,,,,,
"Census Tract 1066.07, Oklahoma County, Oklahoma",,,,,,
"Census Tract 1066.08, Oklahoma County, Oklahoma",,,,,,
"Census Tract 1066.09, Oklahoma County, Oklahoma",,,,,,
"Census Tract 1066.10, Oklahoma County, Oklahoma",,,,,,
"Census Tract 1067.02, Oklahoma County, Oklahoma",,,,,,
"Census Tract 1067.04, Oklahoma County, Oklahoma",,,,,,
"Census Tract 1067.05, Oklahoma County, Oklahoma",,,,,,
"Census Tract 1067.06, Oklahoma County, Oklahoma",,,,,,
"Census Tract 1067.07, Oklahoma County, Oklahoma",,,,,,
"Census Tract 1067.08, Oklahoma County, Oklahoma",,,,,,
"Census Tract 1068.01, Oklahoma County, Oklahoma",,,,,,
"Census Tract 1068.02, Oklahoma County, Oklahoma",,,,,,
"Census Tract 1068.03, Oklahoma County, Oklahoma",,,,,,
"Census Tract 1068.04, Oklahoma County, Oklahoma",,,,,,
"Census Tract 1069.02, Oklahoma County, Oklahoma",,,,,,
"Census Tract 1069.03, Oklahoma County, Oklahoma",,,,,,
"Census Tract 1069.06, Oklahoma County, Oklahoma",,,,,,
"Census Tract 1069.07, Oklahoma County, Oklahoma",,,,,,
"Census Tract 1069.09, Oklahoma County, Oklahoma",,,,,,
"Census Tract 1069.10, Oklahoma County, Oklahoma",,,,,,
"Census Tract 1069.11, Oklahoma County, Oklahoma",,,,,,
"Census Tract 1069.12, Oklahoma County, Oklahoma",,,,,,
"Census Tract 1069.13, Oklahoma County, Oklahoma",,,,,,
"Census Tract 1069.14, Oklahoma County, Oklahoma",,,,,,
"Census Tract 1069.15, Oklahoma County, Oklahoma",,,,,,
"Census Tract 1070.01, Oklahoma County, Oklahoma",,,,,,
"Census Tract 1070.02, Oklahoma County, Oklahoma",,,,,,
"Census Tract 1071.01, Oklahoma County, Oklahoma",,,,,,
"Census Tract 1071.03, Oklahoma County, Oklahoma",,,,,,
"Census Tract 1071.04, Oklahoma County, Oklahoma",,,,,,
"Census Tract 1072.06, Oklahoma County, Oklahoma",,,,,,
"Census Tract 1072.07, Oklahoma County, Oklahoma",,,,,,
"Census Tract 1072.09, Oklahoma County, Oklahoma",,,,,,
"Census Tract 1072.10, Oklahoma County, Oklahoma",,,,,,
"Census Tract 1072.11, Oklahoma County, Oklahoma",,,,,,
"Census Tract 1072.12, Oklahoma County, Oklahoma",,,,,,
"Census Tract 1072.13, Oklahoma County, Oklahoma",,,,,,
"Census Tract 1072.14, Oklahoma County, Oklahoma",,,,,,
"Census Tract 1072.15, Oklahoma County, Oklahoma",,,,,,
"Census Tract 1072.16, Oklahoma County, Oklahoma",,,,,,
"Census Tract 1072.17, Oklahoma County, Oklahoma",,,,,,
"Census Tract 1072.18, Oklahoma County, Oklahoma",,,,,,
"Census Tract 1072.19, Oklahoma County, Oklahoma",,,,,,
"Census Tract 1072.20, Oklahoma County, Oklahoma",,,,,,
"Census Tract 1072.21, Oklahoma County, Oklahoma",,,,,,
"Census Tract 1072.22, Oklahoma County, Oklahoma",,,,,,
"Census Tract 1072.23, Oklahoma County, Oklahoma",,,,,,
"Census Tract 1073.02, Oklahoma County, Oklahoma",,,,,,
"Census Tract 1073.03, Oklahoma County, Oklahoma",,,,,,
"Census Tract 1073.05, Oklahoma County, Oklahoma",,,,,,
"Census Tract 1073.06, Oklahoma County, Oklahoma",,,,,,
"Census Tract 1074.01, Oklahoma County, Oklahoma",,,,,,
"Census Tract 1074.03, Oklahoma County, Oklahoma",,,,,,
"Census Tract 1074.04, Oklahoma County, Oklahoma",,,,,,
"Census Tract 1074.05, Oklahoma County, Oklahoma",,,,,,
"Census Tract 1075, Oklahoma County, Oklahoma",,,,,,
"Census Tract 1076.01, Oklahoma County, Oklahoma",,,,,,
"Census Tract 1076.04, Oklahoma County, Oklahoma",,,,,,
"Census Tract 1076.05, Oklahoma County, Oklahoma",,,,,,
"Census Tract 1076.06, Oklahoma County, Oklahoma",,,,,,
"Census Tract 1076.07, Oklahoma County, Oklahoma",,,,,,
"Census Tract 1077.03, Oklahoma County, Oklahoma",,,,,,
"Census Tract 1077.04, Oklahoma County, Oklahoma",,,,,,
"Census Tract 1077.05, Oklahoma County, Oklahoma",,,,,,
"Census Tract 1077.06, Oklahoma County, Oklahoma",,,,,,
"Census Tract 1077.07, Oklahoma County, Oklahoma",,,,,,
"Census Tract 1078.01, Oklahoma County, Oklahoma",,,,,,
"Census Tract 1078.04, Oklahoma County, Oklahoma",,,,,,
"Census Tract 1078.05, Oklahoma County, Oklahoma",,,,,,
"Census Tract 1078.06, Oklahoma County, Oklahoma",,,,,,
"Census Tract 1078.07, Oklahoma County, Oklahoma",,,,,,
"Census Tract 1078.08, Oklahoma County, Oklahoma",,,,,,
"Census Tract 1078.09, Oklahoma County, Oklahoma",,,,,,
"Census Tract 1078.10, Oklahoma County, Oklahoma",,,,,,
"Census Tract 1079, Oklahoma County, Oklahoma",,,,,,
"Census Tract 1080.03, Oklahoma County, Oklahoma",,,,,,
"Census Tract 1080.05, Oklahoma County, Oklahoma",,,,,,
"Census Tract 1080.06, Oklahoma County, Oklahoma",,,,,,
"Census Tract 1080.07, Oklahoma County, Oklahoma",,,,,,
"Census Tract 1080.08, Oklahoma County, Oklahoma",,,,,,
"Census Tract 1080.09, Oklahoma County, Oklahoma",,,,,,
"Census Tract 1080.10, Oklahoma County, Oklahoma",,,,,,
"Census Tract 1080.11, Oklahoma County, Oklahoma",,,,,,
"Census Tract 1081.01, Oklahoma County, Oklahoma",,,,,,
"Census Tract 1081.06, Oklahoma County, Oklahoma",,,,,,
"Census Tract 1081.07, Oklahoma County, Oklahoma",,,,,,
"Census Tract 1081.09, Oklahoma County, Oklahoma",,,,,,
"Census Tract 1081.10, Oklahoma County, Oklahoma",,,,,,
"Census Tract 1081.13, Oklahoma County, Oklahoma",,,,,,
"Census Tract 1081.14, Oklahoma County, Oklahoma",,,,,,
"Census Tract 1082.01, Oklahoma County, Oklahoma",,,,,,
"Census Tract 1082.03, Oklahoma County, Oklahoma",,,,,,
"Census Tract 1082.04, Oklahoma County, Oklahoma",,,,,,
"Census Tract 1082.06, Oklahoma County, Oklahoma",,,,,,
"Census Tract 1082.07, Oklahoma County, Oklahoma",,,,,,
"Census Tract 1082.08, Oklahoma County, Oklahoma",,,,,,
"Census Tract 1082.13, Oklahoma County, Oklahoma",,,,,,
"Census Tract 1082.15, Oklahoma County, Oklahoma",,,,,,
"Census Tract 1082.16, Oklahoma County, Oklahoma",,,,,,
"Census Tract 1082.17, Oklahoma County, Oklahoma",,,,,,
"Census Tract 1082.18, Oklahoma County, Oklahoma",,,,,,
"Census Tract 1082.19, Oklahoma County, Oklahoma",,,,,,
"Census Tract 1082.20, Oklahoma County, Oklahoma",,,,,,
"Census Tract 1082.21, Oklahoma County, Oklahoma",,,,,,
"Census Tract 1083.01, Oklahoma County, Oklahoma",,,,,,
"Census Tract 1083.02, Oklahoma County, Oklahoma",,,,,,
"Census Tract 1083.03, Oklahoma County, Oklahoma",,,,,,
"Census Tract 1083.04, Oklahoma County, Oklahoma",,,,,,
"Census Tract 1083.07, Oklahoma County, Oklahoma",,,,,,
"Census Tract 1083.09, Oklahoma County, Oklahoma",,,,,,
"Census Tract 1083.10, Oklahoma County, Oklahoma",,,,,,
"Census Tract 1083.13, Oklahoma County, Oklahoma",,,,,,
"Census Tract 1083.14, Oklahoma County, Oklahoma",,,,,,
"Census Tract 1083.15, Oklahoma County, Oklahoma",,,,,,
"Census Tract 1083.16, Oklahoma County, Oklahoma",,,,,,
"Census Tract 1083.17, Oklahoma County, Oklahoma",,,,,,
"Census Tract 1083.18, Oklahoma County, Oklahoma",,,,,,
"Census Tract 1084.02, Oklahoma County, Oklahoma",,,,,,
"Census Tract 1084.03, Oklahoma County, Oklahoma",,,,,,
"Census Tract 1084.04, Oklahoma County, Oklahoma",,,,,,
"Census Tract 1085.04, Oklahoma County, Oklahoma",,,,,,
"Census Tract 1085.06, Oklahoma County, Oklahoma",,,,,,
"Census Tract 1085.07, Oklahoma County, Oklahoma",,,,,,
"Census Tract 1085.08, Oklahoma County, Oklahoma",,,,,,
"Census Tract 1085.11, Oklahoma County, Oklahoma",,,,,,
"Census Tract 1085.12, Oklahoma County, Oklahoma",,,,,,
"Census Tract 1085.13, Oklahoma County, Oklahoma",,,,,,
"Census Tract 1085.14, Oklahoma County, Oklahoma",,,,,,
"Census Tract 1085.15, Oklahoma County, Oklahoma",,,,,,
"Census Tract 1085.19, Oklahoma County, Oklahoma",,,,,,
"Census Tract 1085.20, Oklahoma County, Oklahoma",,,,,,
"Census Tract 1085.21, Oklahoma County, Oklahoma",,,,,,
"Census Tract 1085.23, Oklahoma County, Oklahoma",,,,,,
"Census Tract 1085.24, Oklahoma County, Oklahoma",,,,,,
"Census Tract 1085.25, Oklahoma County, Oklahoma",,,,,,
"Census Tract 1085.26, Oklahoma County, Oklahoma",,,,,,
"Census Tract 1085.27, Oklahoma County, Oklahoma",,,,,,
"Census Tract 1085.28, Oklahoma County, Oklahoma",,,,,,
"Census Tract 1085.29, Oklahoma County, Oklahoma",,,,,,
"Census Tract 1085.30, Oklahoma County, Oklahoma",,,,,,
"Census Tract 1086.01, Oklahoma County, Oklahoma",,,,,,
"Census Tract 1086.02, Oklahoma County, Oklahoma",,,,,,
"Census Tract 1086.03, Oklahoma County, Oklahoma",,,,,,
"Census Tract 1087.01, Oklahoma County, Oklahoma",,,,,,
"Census Tract 1087.03, Oklahoma County, Oklahoma",,,,,,
"Census Tract 1087.04, Oklahoma County, Oklahoma",,,,,,
"Census Tract 1087.06, Oklahoma County, Oklahoma",,,,,,
"Census Tract 1087.07, Oklahoma County, Oklahoma",,,,,,
"Census Tract 1087.08, Oklahoma County, Oklahoma",,,,,,
"Census Tract 1087.09, Oklahoma County, Oklahoma",,,,,,
"Census Tract 1088.01, Oklahoma County, Oklahoma",,,,,,
"Census Tract 1088.02, Oklahoma County, Oklahoma",,,,,,
"Census Tract 1088.03, Oklahoma County, Oklahoma",,,,,,
"Census Tract 1088.04, Oklahoma County, Oklahoma",,,,,,
"Census Tract 1089, Oklahoma County, Oklahoma",,,,,,
"Census Tract 1090.01, Oklahoma County, Oklahoma",,,,,,
"Census Tract 1090.03, Oklahoma County, Oklahoma",,,,,,
"Census Tract 1090.04, Oklahoma County, Oklahoma",,,,,,
"Census Tract 1091, Oklahoma County, Oklahoma",,,,,,
"Census Tract 1092.01, Oklahoma County, Oklahoma",,,,,,
"Census Tract 1092.02, Oklahoma County, Oklahoma",,,,,,
"Census Tract 1, Okmulgee County, Oklahoma",,,,,,
"Census Tract 2, Okmulgee County, Oklahoma",,,,,,
"Census Tract 3, Okmulgee County, Oklahoma",,,,,,
"Census Tract 4, Okmulgee County, Oklahoma",,,,,,
"Census Tract 5, Okmulgee County, Oklahoma",,,,,,
"Census Tract 6, Okmulgee County, Oklahoma",,,,,,
"Census Tract 7, Okmulgee County, Oklahoma",,,,,,
"Census Tract 8, Okmulgee County, Oklahoma",,,,,,
"Census Tract 9.01, Okmulgee County, Oklahoma",,,,,,
"Census Tract 9.02, Okmulgee County, Oklahoma",,,,,,
"Census Tract 9400.01, Osage County, Oklahoma",,,,,,
"Census Tract 9400.02, Osage County, Oklahoma",,,,,,
"Census Tract 9400.03, Osage County, Oklahoma",,,,,,
"Census Tract 9400.04, Osage County, Oklahoma",,,,,,
"Census Tract 9400.05, Osage County, Oklahoma",,,,,,
"Census Tract 9400.06, Osage County, Oklahoma",,,,,,
"Census Tract 9400.07, Osage County, Oklahoma",,,,,,
"Census Tract 9400.08, Osage County, Oklahoma",,,,,,
"Census Tract 9400.09, Osage County, Oklahoma",,,,,,
"Census Tract 9400.10, Osage County, Oklahoma",,,,,,
"Census Tract 9400.11, Osage County, Oklahoma",,,,,,
"Census Tract 5741, Ottawa County, Oklahoma",,,,,,
"Census Tract 5742, Ottawa County, Oklahoma",,,,,,
"Census Tract 5743, Ottawa County, Oklahoma",,,,,,
"Census Tract 5744, Ottawa County, Oklahoma",,,,,,
"Census Tract 5745, Ottawa County, Oklahoma",,,,,,
"Census Tract 5746, Ottawa County, Oklahoma",,,,,,
"Census Tract 5747, Ottawa County, Oklahoma",,,,,,
"Census Tract 5748, Ottawa County, Oklahoma",,,,,,
"Census Tract 5749, Ottawa County, Oklahoma",,,,,,
"Census Tract 9571, Pawnee County, Oklahoma",,,,,,
"Census Tract 9572, Pawnee County, Oklahoma",,,,,,
"Census Tract 9573, Pawnee County, Oklahoma",,,,,,
"Census Tract 9574, Pawnee County, Oklahoma",,,,,,
"Census Tract 9575, Pawnee County, Oklahoma",,,,,,
"Census Tract 101.01, Payne County, Oklahoma",,,,,,
"Census Tract 101.02, Payne County, Oklahoma",,,,,,
"Census Tract 102, Payne County, Oklahoma",,,,,,
"Census Tract 103, Payne County, Oklahoma",,,,,,
"Census Tract 104, Payne County, Oklahoma",,,,,,
"Census Tract 105, Payne County, Oklahoma",,,,,,
"Census Tract 106, Payne County, Oklahoma",,,,,,
"Census Tract 107, Payne County, Oklahoma",,,,,,
"Census Tract 108, Payne County, Oklahoma",,,,,,
"Census Tract 109, Payne County, Oklahoma",,,,,,
"Census Tract 110, Payne County, Oklahoma",,,,,,
"Census Tract 111.01, Payne County, Oklahoma",,,,,,
"Census Tract 111.02, Payne County, Oklahoma",,,,,,
"Census Tract 112, Payne County, Oklahoma",,,,,,
"Census Tract 113.01, Payne County, Oklahoma",,,,,,
"Census Tract 113.02, Payne County, Oklahoma",,,,,,
"Census Tract 114, Payne County, Oklahoma",,,,,,
"Census Tract 4856, Pittsburg County, Oklahoma",,,,,,
"Census Tract 4857, Pittsburg County, Oklahoma",,,,,,
"Census Tract 4858, Pittsburg County, Oklahoma",,,,,,
"Census Tract 4859, Pittsburg County, Oklahoma",,,,,,
"Census Tract 4860, Pittsburg County, Oklahoma",,,,,,
"Census Tract 4861, Pittsburg County, Oklahoma",,,,,,
"Census Tract 4862, Pittsburg County, Oklahoma",,,,,,
"Census Tract 4863, Pittsburg County, Oklahoma",,,,,,
"Census Tract 4864, Pittsburg County, Oklahoma",,,,,,
"Census Tract 4865, Pittsburg County, Oklahoma",,,,,,
"Census Tract 4866, Pittsburg County, Oklahoma",,,,,,
"Census Tract 4867, Pittsburg County, Oklahoma",,,,,,
"Census Tract 4868, Pittsburg County, Oklahoma",,,,,,
"Census Tract 886, Pontotoc County, Oklahoma",,,,,,
"Census Tract 887, Pontotoc County, Oklahoma",,,,,,
"Census Tract 888, Pontotoc County, Oklahoma",,,,,,
"Census Tract 889, Pontotoc County, Oklahoma",,,,,,
"Census Tract 890, Pontotoc County, Oklahoma",,,,,,
"Census Tract 891, Pontotoc County, Oklahoma",,,,,,
"Census Tract 892, Pontotoc County, Oklahoma",,,,,,
"Census Tract 893, Pontotoc County, Oklahoma",,,,,,
"Census Tract 895.98, Pontotoc County, Oklahoma",,,,,,
"Census Tract 896, Pontotoc County, Oklahoma",,,,,,
"Census Tract 5002, Pottawatomie County, Oklahoma",,,,,,
"Census Tract 5003.01, Pottawatomie County, Oklahoma",,,,,,
"Census Tract 5003.02, Pottawatomie County, Oklahoma",,,,,,
"Census Tract 5004, Pottawatomie County, Oklahoma",,,,,,
"Census Tract 5005, Pottawatomie County, Oklahoma",,,,,,
"Census Tract 5006, Pottawatomie County, Oklahoma",,,,,,
"Census Tract 5007, Pottawatomie County, Oklahoma",,,,,,
"Census Tract 5008, Pottawatomie County, Oklahoma",,,,,,
"Census Tract 5009, Pottawatomie County, Oklahoma",,,,,,
"Census Tract 5010.01, Pottawatomie County, Oklahoma",,,,,,
"Census Tract 5010.03, Pottawatomie County, Oklahoma",,,,,,
"Census Tract 5010.04, Pottawatomie County, Oklahoma",,,,,,
"Census Tract 5011.01, Pottawatomie County, Oklahoma",,,,,,
"Census Tract 5011.02, Pottawatomie County, Oklahoma",,,,,,
"Census Tract 5012.01, Pottawatomie County, Oklahoma",,,,,,
"Census Tract 5013, Pottawatomie County, Oklahoma",,,,,,
"Census Tract 976, Pushmataha County, Oklahoma",,,,,,
"Census Tract 977, Pushmataha County, Oklahoma",,,,,,
"Census Tract 978, Pushmataha County, Oklahoma",,,,,,
"Census Tract 9600, Roger Mills County, Oklahoma",,,,,,
"Census Tract 501.01, Rogers County, Oklahoma",,,,,,
"Census Tract 501.03, Rogers County, Oklahoma",,,,,,
"Census Tract 501.04, Rogers County, Oklahoma",,,,,,
"Census Tract 501.05, Rogers County, Oklahoma",,,,,,
"Census Tract 502.01, Rogers County, Oklahoma",,,,,,
"Census Tract 502.02, Rogers County, Oklahoma",,,,,,
"Census Tract 502.03, Rogers County, Oklahoma",,,,,,
"Census Tract 503.01, Rogers County, Oklahoma",,,,,,
"Census Tract 503.02, Rogers County, Oklahoma",,,,,,
"Census Tract 503.03, Rogers County, Oklahoma",,,,,,
"Census Tract 503.04, Rogers County, Oklahoma",,,,,,
"Census Tract 504.03, Rogers County, Oklahoma",,,,,,
"Census Tract 504.04, Rogers County, Oklahoma",,,,,,
"Census Tract 504.05, Rogers County, Oklahoma",,,,,,
"Census Tract 504.06, Rogers County, Oklahoma",,,,,,
"Census Tract 504.07, Rogers County, Oklahoma",,,,,,
"Census Tract 504.08, Rogers County, Oklahoma",,,,,,
"Census Tract 504.09, Rogers County, Oklahoma",,,,,,
"Census Tract 505.01, Rogers County, Oklahoma",,,,,,
"Census Tract 505.02, Rogers County, Oklahoma",,,,,,
"Census Tract 506.01, Rogers County, Oklahoma",,,,,,
"Census Tract 506.02, Rogers County, Oklahoma",,,,,,
"Census Tract 506.03, Rogers County, Oklahoma",,,,,,
"Census Tract 506.04, Rogers County, Oklahoma",,,,,,
"Census Tract 507.01, Rogers County, Oklahoma",,,,,,
"Census Tract 507.02, Rogers County, Oklahoma",,,,,,
"Census Tract 508.01, Rogers County, Oklahoma",,,,,,
"Census Tract 508.02, Rogers County, Oklahoma",,,,,,
"Census Tract 5831, Seminole County, Oklahoma",,,,,,
"Census Tract 5832, Seminole County, Oklahoma",,,,,,
"Census Tract 5833, Seminole County, Oklahoma",,,,,,
"Census Tract 5834, Seminole County, Oklahoma",,,,,,
"Census Tract 5835, Seminole County, Oklahoma",,,,,,
"Census Tract 5836, Seminole County, Oklahoma",,,,,,
"Census Tract 5837, Seminole County, Oklahoma",,,,,,
"Census Tract 5838, Seminole County, Oklahoma",,,,,,
"Census Tract 5839, Seminole County, Oklahoma",,,,,,
"Census Tract 301.01, Sequoyah County, Oklahoma",,,,,,
"Census Tract 301.03, Sequoyah County, Oklahoma",,,,,,
"Census Tract 301.04, Sequoyah County, Oklahoma",,,,,,
"Census Tract 302.01, Sequoyah County, Oklahoma",,,,,,
"Census Tract 302.02, Sequoyah County, Oklahoma",,,,,,
"Census Tract 303.01, Sequoyah County, Oklahoma",,,,,,
"Census Tract 303.02, Sequoyah County, Oklahoma",,,,,,
"Census Tract 304.01, Sequoyah County, Oklahoma",,,,,,
"Census Tract 304.02, Sequoyah County, Oklahoma",,,,,,
"Census Tract 1.01, Stephens County, Oklahoma",,,,,,
"Census Tract 1.02, Stephens County, Oklahoma",,,,,,
"Census Tract 2, Stephens County, Oklahoma",,,,,,
"Census Tract 3, Stephens County, Oklahoma",,,,,,
"Census Tract 4, Stephens County, Oklahoma",,,,,,
"Census Tract 6, Stephens County, Oklahoma",,,,,,
"Census Tract 8, Stephens County, Oklahoma",,,,,,
"Census Tract 9.01, Stephens County, Oklahoma",,,,,,
"Census Tract 9.02, Stephens County, Oklahoma",,,,,,
"Census Tract 10, Stephens County, Oklahoma",,,,,,
"Census Tract 11, Stephens County, Oklahoma",,,,,,
"Census Tract 9506, Texas County, Oklahoma",,,,,,
"Census Tract 9507, Texas County, Oklahoma",,,,,,
"Census Tract 9508, Texas County, Oklahoma",,,,,,
"Census Tract 9509, Texas County, Oklahoma",,,,,,
"Census Tract 9510, Texas County, Oklahoma",,,,,,
"Census Tract 701, Tillman County, Oklahoma",,,,,,
"Census Tract 702, Tillman County, Oklahoma",,,,,,
"Census Tract 703, Tillman County, Oklahoma",,,,,,
"Census Tract 704, Tillman County, Oklahoma",,,,,,
"Census Tract 705, Tillman County, Oklahoma",,,,,,
"Census Tract 1, Tulsa County, Oklahoma",,,,,,
"Census Tract 2, Tulsa County, Oklahoma",,,,,,
"Census Tract 3, Tulsa County, Oklahoma",,,,,,
"Census Tract 4, Tulsa County, Oklahoma",,,,,,
"Census Tract 5, Tulsa County, Oklahoma",,,,,,
"Census Tract 6, Tulsa County, Oklahoma",,,,,,
"Census Tract 7, Tulsa County, Oklahoma",,,,,,
"Census Tract 8, Tulsa County, Oklahoma",,,,,,
"Census Tract 9, Tulsa County, Oklahoma",,,,,,
"Census Tract 10, Tulsa County, Oklahoma",,,,,,
"Census Tract 12, Tulsa County, Oklahoma",,,,,,
"Census Tract 13, Tulsa County, Oklahoma",,,,,,
"Census Tract 14, Tulsa County, Oklahoma",,,,,,
"Census Tract 15, Tulsa County, Oklahoma",,,,,,
"Census Tract 16, Tulsa County, Oklahoma",,,,,,
"Census Tract 17, Tulsa County, Oklahoma",,,,,,
"Census Tract 18, Tulsa County, Oklahoma",,,,,,
"Census Tract 19, Tulsa County, Oklahoma",,,,,,
"Census Tract 20, Tulsa County, Oklahoma",,,,,,
"Census Tract 21, Tulsa County, Oklahoma",,,,,,
"Census Tract 23.01, Tulsa County, Oklahoma",,,,,,
"Census Tract 25, Tulsa County, Oklahoma",,,,,,
"Census Tract 27, Tulsa County, Oklahoma",,,,,,
"Census Tract 29, Tulsa County, Oklahoma",,,,,,
"Census Tract 30, Tulsa County, Oklahoma",,,,,,
"Census Tract 31, Tulsa County, Oklahoma",,,,,,
"Census Tract 32, Tulsa County, Oklahoma",,,,,,
"Census Tract 33, Tulsa County, Oklahoma",,,,,,
"Census Tract 34, Tulsa County, Oklahoma",,,,,,
"Census Tract 35, Tulsa County, Oklahoma",,,,,,
"Census Tract 36, Tulsa County, Oklahoma",,,,,,
"Census Tract 37, Tulsa County, Oklahoma",,,,,,
"Census Tract 38, Tulsa County, Oklahoma",,,,,,
"Census Tract 39, Tulsa County, Oklahoma",,,,,,
"Census Tract 40, Tulsa County, Oklahoma",,,,,,
"Census Tract 41.01, Tulsa County, Oklahoma",,,,,,
"Census Tract 42, Tulsa County, Oklahoma",,,,,,
"Census Tract 43.01, Tulsa County, Oklahoma",,,,,,
"Census Tract 43.02, Tulsa County, Oklahoma",,,,,,
"Census Tract 44, Tulsa County, Oklahoma",,,,,,
"Census Tract 45, Tulsa County, Oklahoma",,,,,,
"Census Tract 46, Tulsa County, Oklahoma",,,,,,
"Census Tract 47, Tulsa County, Oklahoma",,,,,,
"Census Tract 48, Tulsa County, Oklahoma",,,,,,
"Census Tract 49, Tulsa County, Oklahoma",,,,,,
"Census Tract 50.01, Tulsa County, Oklahoma",,,,,,
"Census Tract 50.02, Tulsa County, Oklahoma",,,,,,
"Census Tract 51, Tulsa County, Oklahoma",,,,,,
"Census Tract 52, Tulsa County, Oklahoma",,,,,,
"Census Tract 53, Tulsa County, Oklahoma",,,,,,
"Census Tract 54.01, Tulsa County, Oklahoma",,,,,,
"Census Tract 54.02, Tulsa County, Oklahoma",,,,,,
"Census Tract 55, Tulsa County, Oklahoma",,,,,,
"Census Tract 56, Tulsa County, Oklahoma",,,,,,
"Census Tract 57, Tulsa County, Oklahoma",,,,,,
"Census Tract 58.01, Tulsa County, Oklahoma",,,,,,
"Census Tract 58.05, Tulsa County, Oklahoma",,,,,,
"Census Tract 58.06, Tulsa County, Oklahoma",,,,,,
"Census Tract 58.07, Tulsa County, Oklahoma",,,,,,
"Census Tract 58.08, Tulsa County, Oklahoma",,,,,,
"Census Tract 59, Tulsa County, Oklahoma",,,,,,
"Census Tract 60, Tulsa County, Oklahoma",,,,,,
"Census Tract 62, Tulsa County, Oklahoma",,,,,,
"Census Tract 65.06, Tulsa County, Oklahoma",,,,,,
"Census Tract 65.07, Tulsa County, Oklahoma",,,,,,
"Census Tract 66, Tulsa County, Oklahoma",,,,,,
"Census Tract 67.01, Tulsa County, Oklahoma",,,,,,
"Census Tract 67.03, Tulsa County, Oklahoma",,,,,,
"Census Tract 67.05, Tulsa County, Oklahoma",,,,,,
"Census Tract 67.07, Tulsa County, Oklahoma",,,,,,
"Census Tract 67.08, Tulsa County, Oklahoma",,,,,,
"Census Tract 68.01, Tulsa County, Oklahoma",,,,,,
"Census Tract 68.03, Tulsa County, Oklahoma",,,,,,
"Census Tract 68.04, Tulsa County, Oklahoma",,,,,,
"Census Tract 69.01, Tulsa County, Oklahoma",,,,,,
"Census Tract 69.02, Tulsa County, Oklahoma",,,,,,
"Census Tract 69.03, Tulsa County, Oklahoma",,,,,,
"Census Tract 69.05, Tulsa County, Oklahoma",,,,,,
"Census Tract 69.06, Tulsa County, Oklahoma",,,,,,
"Census Tract 69.07, Tulsa County, Oklahoma",,,,,,
"Census Tract 70, Tulsa County, Oklahoma",,,,,,
"Census Tract 71.01, Tulsa County, Oklahoma",,,,,,
"Census Tract 71.02, Tulsa County, Oklahoma",,,,,,
"Census Tract 72, Tulsa County, Oklahoma",,,,,,
"Census Tract 73.04, Tulsa County, Oklahoma",,,,,,
"Census Tract 73.05, Tulsa County, Oklahoma",,,,,,
"Census Tract 73.06, Tulsa County, Oklahoma",,,,,,
"Census Tract 73.08, Tulsa County, Oklahoma",,,,,,
"Census Tract 73.09, Tulsa County, Oklahoma",,,,,,
"Census Tract 73.10, Tulsa County, Oklahoma",,,,,,
"Census Tract 73.11, Tulsa County, Oklahoma",,,,,,
"Census Tract 73.12, Tulsa County, Oklahoma",,,,,,
"Census Tract 74.02, Tulsa County, Oklahoma",,,,,,
"Census Tract 74.07, Tulsa County, Oklahoma",,,,,,
"Census Tract 74.08, Tulsa County, Oklahoma",,,,,,
"Census Tract 74.09, Tulsa County, Oklahoma",,,,,,
"Census Tract 74.10, Tulsa County, Oklahoma",,,,,,
"Census Tract 74.11, Tulsa County, Oklahoma",,,,,,
"Census Tract 74.12, Tulsa County, Oklahoma",,,,,,
"Census Tract 74.13, Tulsa County, Oklahoma",,,,,,
"Census Tract 74.14, Tulsa County, Oklahoma",,,,,,
"Census Tract 74.15, Tulsa County, Oklahoma",,,,,,
"Census Tract 75.03, Tulsa County, Oklahoma",,,,,,
"Census Tract 75.06, Tulsa County, Oklahoma",,,,,,
"Census Tract 75.07, Tulsa County, Oklahoma",,,,,,
"Census Tract 75.08, Tulsa County, Oklahoma",,,,,,
"Census Tract 75.10, Tulsa County, Oklahoma",,,,,,
"Census Tract 75.11, Tulsa County, Oklahoma",,,,,,
"Census Tract 75.12, Tulsa County, Oklahoma",,,,,,
"Census Tract 75.13, Tulsa County, Oklahoma",,,,,,
"Census Tract 75.15, Tulsa County, Oklahoma",,,,,,
"Census Tract 75.16, Tulsa County, Oklahoma",,,,,,
"Census Tract 75.18, Tulsa County, Oklahoma",,,,,,
"Census Tract 75.19, Tulsa County, Oklahoma",,,,,,
"Census Tract 75.20, Tulsa County, Oklahoma",,,,,,
"Census Tract 75.22, Tulsa County, Oklahoma",,,,,,
"Census Tract 75.23, Tulsa County, Oklahoma",,,,,,
"Census Tract 75.24, Tulsa County, Oklahoma",,,,,,
"Census Tract 76.08, Tulsa County, Oklahoma",,,,,,
"Census Tract 76.09, Tulsa County, Oklahoma",,,,,,
"Census Tract 76.11, Tulsa County, Oklahoma",,,,,,
"Census Tract 76.12, Tulsa County, Oklahoma",,,,,,
"Census Tract 76.13, Tulsa County, Oklahoma",,,,,,
"Census Tract 76.14, Tulsa County, Oklahoma",,,,,,
"Census Tract 76.15, Tulsa County, Oklahoma",,,,,,
"Census Tract 76.16, Tulsa County, Oklahoma",,,,,,
"Census Tract 76.17, Tulsa County, Oklahoma",,,,,,
"Census Tract 76.18, Tulsa County, Oklahoma",,,,,,
"Census Tract 76.19, Tulsa County, Oklahoma",,,,,,
"Census Tract 76.20, Tulsa County, Oklahoma",,,,,,
"Census Tract 76.24, Tulsa County, Oklahoma",,,,,,
"Census Tract 76.25, Tulsa County, Oklahoma",,,,,,
"Census Tract 76.29, Tulsa County, Oklahoma",,,,,,
"Census Tract 76.30, Tulsa County, Oklahoma",,,,,,
"Census Tract 76.31, Tulsa County, Oklahoma",,,,,,
"Census Tract 76.32, Tulsa County, Oklahoma",,,,,,
"Census Tract 76.33, Tulsa County, Oklahoma",,,,,,
"Census Tract 76.34, Tulsa County, Oklahoma",,,,,,
"Census Tract 76.35, Tulsa County, Oklahoma",,,,,,
"Census Tract 76.36, Tulsa County, Oklahoma",,,,,,
"Census Tract 76.37, Tulsa County, Oklahoma",,,,,,
"Census Tract 76.38, Tulsa County, Oklahoma",,,,,,
"Census Tract 76.39, Tulsa County, Oklahoma",,,,,,
"Census Tract 76.41, Tulsa County, Oklahoma",,,,,,
"Census Tract 76.42, Tulsa County, Oklahoma",,,,,,
"Census Tract 77.01, Tulsa County, Oklahoma",,,,,,
"Census Tract 77.02, Tulsa County, Oklahoma",,,,,,
"Census Tract 78.01, Tulsa County, Oklahoma",,,,,,
"Census Tract 78.02, Tulsa County, Oklahoma",,,,,,
"Census Tract 79, Tulsa County, Oklahoma",,,,,,
"Census Tract 80.01, Tulsa County, Oklahoma",,,,,,
"Census Tract 80.02, Tulsa County, Oklahoma",,,,,,
"Census Tract 82, Tulsa County, Oklahoma",,,,,,
"Census Tract 83, Tulsa County, Oklahoma",,,,,,
"Census Tract 84, Tulsa County, Oklahoma",,,,,,
"Census Tract 85.01, Tulsa County, Oklahoma",,,,,,
"Census Tract 85.02, Tulsa County, Oklahoma",,,,,,
"Census Tract 86, Tulsa County, Oklahoma",,,,,,
"Census Tract 87, Tulsa County, Oklahoma",,,,,,
"Census Tract 88, Tulsa County, Oklahoma",,,,,,
"Census Tract 89, Tulsa County, Oklahoma",,,,,,
"Census Tract 90.03, Tulsa County, Oklahoma",,,,,,
"Census Tract 90.04, Tulsa County, Oklahoma",,,,,,
"Census Tract 90.06, Tulsa County, Oklahoma",,,,,,
"Census Tract 90.07, Tulsa County, Oklahoma",,,,,,
"Census Tract 90.08, Tulsa County, Oklahoma",,,,,,
"Census Tract 90.09, Tulsa County, Oklahoma",,,,,,
"Census Tract 91.01, Tulsa County, Oklahoma",,,,,,
"Census Tract 91.04, Tulsa County, Oklahoma",,,,,,
"Census Tract 92, Tulsa County, Oklahoma",,,,,,
"Census Tract 93, Tulsa County, Oklahoma",,,,,,
"Census Tract 94.01, Tulsa County, Oklahoma",,,,,,
"Census Tract 94.02, Tulsa County, Oklahoma",,,,,,
"Census Tract 95, Tulsa County, Oklahoma",,,,,,
"Census Tract 111, Tulsa County, Oklahoma",,,,,,
"Census Tract 301.01, Wagoner County, Oklahoma",,,,,,
"Census Tract 301.02, Wagoner County, Oklahoma",,,,,,
"Census Tract 302.01, Wagoner County, Oklahoma",,,,,,
"Census Tract 302.02, Wagoner County, Oklahoma",,,,,,
"Census Tract 303, Wagoner County, Oklahoma",,,,,,
"Census Tract 304.02, Wagoner County, Oklahoma",,,,,,
"Census Tract 304.03, Wagoner County, Oklahoma",,,,,,
"Census Tract 304.05, Wagoner County, Oklahoma",,,,,,
"Census Tract 304.06, Wagoner County, Oklahoma",,,,,,
"Census Tract 305.02, Wagoner County, Oklahoma",,,,,,
"Census Tract 305.05, Wagoner County, Oklahoma",,,,,,
"Census Tract 305.06, Wagoner County, Oklahoma",,,,,,
"Census Tract 305.07, Wagoner County, Oklahoma",,,,,,
"Census Tract 305.08, Wagoner County, Oklahoma",,,,,,
"Census Tract 305.09, Wagoner County, Oklahoma",,,,,,
"Census Tract 305.10, Wagoner County, Oklahoma",,,,,,
"Census Tract 305.11, Wagoner County, Oklahoma",,,,,,
"Census Tract 305.12, Wagoner County, Oklahoma",,,,,,
"Census Tract 306.01, Wagoner County, Oklahoma",,,,,,
"Census Tract 306.02, Wagoner County, Oklahoma",,,,,,
"Census Tract 307.98, Wagoner County, Oklahoma",,,,,,
"Census Tract 308, Wagoner County, Oklahoma",,,,,,
"Census Tract 1, Washington County, Oklahoma",,,,,,
"Census Tract 2, Washington County, Oklahoma",,,,,,
"Census Tract 3, Washington County, Oklahoma",,,,,,
"Census Tract 4, Washington County, Oklahoma",,,,,,
"Census Tract 5, Washington County, Oklahoma",,,,,,
"Census Tract 6, Washington County, Oklahoma",,,,,,
"Census Tract 7, Washington County, Oklahoma",,,,,,
"Census Tract 8, Washington County, Oklahoma",,,,,,
"Census Tract 9, Washington County, Oklahoma",,,,,,
"Census Tract 10, Washington County, Oklahoma",,,,,,
"Census Tract 11, Washington County, Oklahoma",,,,,,
"Census Tract 12, Washington County, Oklahoma",,,,,,
"Census Tract 13, Washington County, Oklahoma",,,,,,
"Census Tract 9649, Washita County, Oklahoma",,,,,,
"Census Tract 9650, Washita County, Oklahoma",,,,,,
"Census Tract 9651, Washita County, Oklahoma",,,,,,
"Census Tract 9654, Washita County, Oklahoma",,,,,,
"Census Tract 9542, Woods County, Oklahoma",,,,,,
"Census Tract 9543, Woods County, Oklahoma",,,,,,
"Census Tract 9544, Woods County, Oklahoma",,,,,,
"Census Tract 9531, Woodward County, Oklahoma",,,,,,
"Census Tract 9532, Woodward County, Oklahoma",,,,,,
"Census Tract 9533, Woodward County, Oklahoma",,,,,,
"Census Tract 9534, Woodward County, Oklahoma",,,,,,
"Census Tract 9535, Woodward County, Oklahoma",,,,,,